Seller	No. of times it competes for buybox	No. of times it wins the buybox
WeShop24/7	1	1
MΞILI	2	1
we3®	1	0
e-Bazar	57	31
MrDeal	58	5
BUYMORESAVEMORE	18	0
Appario Retail Private Ltd	753	656
Stylist Sky	1	0
jelly telecom	3	0
Electrolinks	6	0
House Of Electronics	7	0
Krazzy Deal	20	0
thevaluestore	6	0
R K ENTERPRISE 1	3	0
CAMERA ART & SUPPORTS	14	0
M 7 e TRADERS	3	0
The-EStore	27	0
Njoy-Buying	4	0
Cool Mango	26	4
SREE INFO NLR	1	1
Bharathi's	1	0
VeerKrupa Trading	1	0
Online Squad	1	0
Paradise Musicals	8	2
PCK MaaRKETING-9710064000	6	0
Headphone Zone Pvt Ltd	28	20
Peach Imports	254	36
Kiron	153	1
Khem singh enterprises	4	1
Dj Pundits	4	0
G G	88	9
Doonmac	7	0
Cannycom Store	111	40
Choudhary Telecom	5	0
MPEnterprises	12	0
God help telecom	8	0
Ondots	31	2
Siddiqui communication	4	0
SooperDeal	17	2
Mega_tronics	52	2
e9accessories	47	4
ESTOKE	22	16
eTechnology	15	2
skylark infotech	7	0
MAKING POSSIBLE	12	0
FTCPL Exclusive Online ®	19	0
DELHI ELECTRONICS PLAZA	1	0
micronix infosol	3	0
yash2225	5	0
SAILCOM INDIA	1	0
TEXET TECHNOLOGIES PVT LTD	2	0
clicknsave	38	1
Cloudtrade	35	1
GO WIRELESS	6	0
Shoptoz dot com	10	0
Jagadamba Mobiles and Gifts	1	0
BUZZOUT ONLINE	2	0
STAR-MARK	52	37
ecomstars	47	2
Easy Home Deals	3	0
JnY Entertainment	3	0
Kharidiye dot com	10	4
CLICKBUY	134	36
YahOoO	16	8
NAYA GADGET	17	2
WEB-TAIL	35	6
ACCESS	19	3
NSSC	3	0
Starone Electronics	33	12
SOUND MASTERS	14	3
Audio Borealis	4	0
MAY Store	4	2
AST Japan	25	6
Estee Mart	40	6
Express Delivery Retail	56	9
Cambium Retail	59	32
Think Of Us	8	2
Asia Inc	5	1
Zupitex	9	3
DIXIT COMPUTERS	6	0
UV Techchnologies	8	1
Reliable Enterprises1	11	1
EzioInc78	14	1
EXECLUSIVE STORE	19	0
Samrat international	13	1
VAISHNAVI TRADER	4	0
Edifier online store	9	6
ProAudioHome	2	1
STS Shop	59	10
HiFiNage - The Auditory Sensation	1	0
Cart2India SLP	171	27
Intignis Marketing India Private Limited	10	5
VSM INDIA	11	1
UniqueClick	109	5
SHRI SAI TRADERS	2	0
Theatre People	7	0
FAST DEALS	1	0
Edifier India	16	14
iTrend Brand Cottage	1	0
Stonehenge Retail	39	2
ACE E-Tail	64	4
Audio Vision India	9	9
NMPL	8	0
XANDZERO	45	4
Red Store	5	2
Xtreme Focus	23	2
CROMA - A TATA ENTERPRISE	8	1
MARKET YARD	29	9
Global_Reseller	4	2
MUZILI	2	1
CRUA TDD	1	1
RP & ASSOCIATES	2	0
Gadgets_Guru	2	1
UNIQUE MOBILE POINT 1	3	0
MSAssured	10	0
sudama visual	1	0
Applon	8	0
Snapio	3	0
Gadget House India	18	8
Blueberry India	15	4
THC	1	0
KEI HiFi	44	13
AMIGOS GADGETS	4	0
Kevleen Creations world	6	0
Vouch e-Venture	8	1
Appario	41	39
Techretailer	15	3
Flexy Zone	6	1
Nakoda Cellular	1	0
DEALS AMAZING	23	7
Digital Xpert	43	4
Radhy	1	0
iStuff365	17	0
Sky Sales	9	1
OMNI RETAIL	40	18
M/S COMPU WORLD	6	0
Classic Network and Computers	25	0
LVDV	10	0
Hoppokart	8	7
Everything4u1	7	0
LIFESTYLES	26	7
Unique Nx	1	0
Electric Nation	9	0
Special Deals	14	1
Discount_Store_	30	0
True Accessories	45	4
RADIO & GRAMOPHONE HOUSE	13	0
Best in Tech	17	2
CIRCUIT BOARD	39	3
Sri balaji fashion	26	0
easy audio	1	1
Buy More	1	0
Swiss Military	1	0
ShivaSheesh	71	26
Panoply Digital	17	7
B Online Store	2	1
Forerun computers	2	0
GAMERS ZONE INDIA	2	0
mYnI	4	3
THE IT MALL	3	0
Extender	32	5
Sysvedh	9	2
ZRPL	6	6
eTrade Online	12	3
Electro Mart	65	14
MyGoodChoice	10	3
SHAFIRE	2	1
Per Day Deal	3	1
SUKLO	5	2
ZERNA	13	5
A to Z GARMENTS	22	1
om traders	1	0
Plus Kart SLP	5	1
Perk Technologies	2	0
India's Family Shopping	2	0
JJMEHTA Mumbai	2	1
CameraGlare	2	1
Smart- shoppers	10	3
24X7 SHOPPING ONLINE	3	1
Bluepunc	4	0
RGD e-store	7	0
CONCEPT KART®	10	8
Bowzar	11	2
ASG TRADING AND TECHNOLOGIES	7	6
Radhe Radhe Creation	1	0
Kohinoor06	41	16
The Technology Touch	8	1
Ace Technologies	3	2
Pro DJ&AV gears	1	0
PRATAP & CO	5	0
Amazon	0	8
GXGW	15	0
Amaz-on Exclusive Online Store	9	5
MEGADEALS	3	1
Galaxie India	2	0
Rexom	3	0
Brainwavz Audio India	84	44
Jiopjfiener	3	3
Hiosjieoger	3	0
BUTTERSILK	6	0
R S Trade	24	0
COMPETITIVE MARKETING	6	0
Billionairre	15	0
Umath Store India	15	4
Technogazet	19	0
V direct	28	10
HelloYehlo	22	0
SR Gadgets	3	1
Stuffcool	3	3
madhav mobiles and electr	1	0
RD DEALS	6	2
LIGHT AND MUSIC STORE	3	1
Audio Professionals	2	0
Bajaao	10	0
OneAudio India	3	3
The Magical Store	2	1
CableCreation IN	1	1
NavkarElectronics	12	0
South Port Retail	2	1
GoodLuck Shoppie	11	0
Gadget Nani	1	0
Shri shani Dev enterprises	3	0
DigitalParadise	2	0
GoodAsNew!	27	10
Deal Merchant's	2	2
FLASH STAR	2	0
KERD5529	2	0
INNOVATIONS & MORE	2	0
on the web	46	1
SALE OF POINT	2	1
Regor Direct	1	1
MUSIC CRAFT	13	5
Raj Musicals India	7	1
HeadsetKart	1	1
Trumpcard	1	0
evoipstore	2	0
Chawla Mobiles	3	0
Pallavi Impex	7	0
ProAudioBrands	3	2
Musician's Point	4	1
Express Deal	18	2
The Zone	1	0
zenithtraders	18	4
ShopForBest	2	0
The Best-Deals	2	1
CloudNine India	2	0
amarvagroup	5	0
FotoCart dot in	11	0
M&F Mobile Hut	2	0
Sachin Mobile 01	2	0
Blue Calyx Mobiles	5	0
DEAL & WIN	1	0
Best On Online	1	0
KMENTERPRISES	5	0
SHREE RAM INFOTECH	1	0
MOBILES 24	3	0
KATALYSST	4	0
KIDA Retail Private Ltd	19	8
Rock star seller	3	0
COLORTRADES	23	5
Sankeshwar 23 Venture	3	0
online mkt	2	0
Musician Jack	11	6
Pixels Trading	5	1
msgadgets	3	0
Gadgetfreakz75	14	1
Singhal Brother's	8	1
ModernStores2017	4	2
pari fashion M	3	2
Perfect Sales India	1	0
MIMOB	1	1
	2	0
Go_wireless	7	2
Oceans Trade Company	9	3
MAANIDHI	2	0
Great Indian Sale	2	0
The Mahalaxmi mobile shop	8	0
Shiv shakti communication mobile	3	0
Bhavya Mobile	17	1
e-STORES	16	0
CZARTECH	5	3
Z World Electronics	1	1
ELECTOMANIA®	2	1
HD ENTERPRISE_	3	1
Deal 360	1	0
DeepaliEnterprises	1	0
Tulja Mobile And Trading	5	0
GadgetZone2020	11	3
Nearby Retail	2	0
online kart	3	1
Shreenath mo	2	0
KOP TECHNOS	30	5
Cool Collectives	3	0
Rahul Communications Karad	1	0
Hasija Associates	2	0
aabhu	3	2
SHREE KHATU SHYAM	2	0
slidecart_electronics	4	3
MAROON	1	0
Electric-Deals	21	2
TimTara	4	2
Smartware Electronics	1	1
life expression	1	0
Archies for you	13	1
BachateyRaho	2	1
TPS Technologies	15	4
Deal Square	3	0
VOZC INDIA	2	1
Ezone Collections	2	0
Comet Busters®	18	0
CELLULARINDIAINC	8	0
UnboxJapan	10	0
vintage22	2	1
Jabra Connect India Pvt Ltd	8	5
GrabAGadget	8	0
Online India	12	1
GemComp	1	0
Retails Global	1	0
Nice Infocome	1	0
Crysendo	28	13
SRI INFOTECH	1	0
Raaj Book Point	2	0
AlpinoDotTech	6	0
SHOPPING SPOT	11	4
GadgetsMore	13	4
Celestial Retail	11	0
THENIRVANASHOPS	2	0
Dot Com Services	18	2
itglobal	8	1
FOSCOUS	5	0
Sprinfo	3	0
ICON STORE	2	1
Triklup	1	0
Olympia Electronics SLP	10	0
TechETrade	1	0
TOUCHOFF	3	0
PSJ Infotech	3	0
TeChno Electronics	1	0
Sun electronics ind	1	0
modernretail	1	0
as international	6	2
Portronics Digital Pvt Ltd	17	2
MAK_MART	2	0
DIGITAL SOLUTION	4	1
JAGDAMBA MOBILE	2	0
VIMLA TELECOM	1	0
AaravTraders	7	0
neha communication shop	1	0
TOP1MOBILES	2	0
Jaikara Enterprises	2	0
Drishya Enterprises1	2	0
MEERA ELECTRICALS SHOP	1	0
MS Communication Shop	5	0
camnaccstore	11	0
ProAudioVideo	17	1
A E	2	0
MUSIC_FOR_ALL	2	1
PC Gaming Guru	8	0
adyant enterprises	1	0
Dhruvi M	4	0
VantageKart	5	2
E-SQUARE	2	1
NT SALES	2	1
BL Enterprises	5	0
ATM RETAIL	11	6
Adcom India	10	5
BEYOND TOYS AND GIFTS	8	4
SHIV ELECTRONICS AND COMPUTER	1	0
Chordstruck	1	0
best_buyaxz	18	4
SAURABH BARNWAL	1	0
RENTOPCDOTCOM	1	1
sp treders	2	1
Alphatec Audio Video Pvt Ltd	10	9
Sujav Consultants	9	1
SPEnterprise	2	0
Catamont	4	0
Krater India	4	1
SMM	1	0
SHIVAKASHI TRADING CO	1	0
AS Sales Enterprise	1	0
HELLO WORLD® MOBILE SOLUTION	1	0
A1 Mobile	1	0
NaazCollection	1	0
VK Enterprises	1	0
SP Ekart	1	0
JMD STORES	5	0
B-35	1	0
RADHASOAMI STORE	1	0
Rama's Shop Packers	13	1
MUZIK HUB	6	0
Quantum Retail	2	0
Tipshi online	5	1
D'JazZ™	1	0
Mannat Enterprises 	1	0
Quick-Buy	1	0
PI world	1	0
HorizonTech B2B Solutions	3	1
SpecialtyDistribution	5	0
MYVN	2	1
Icreationind	1	1
Leaf Wearables	3	0
CHENNAI MUSICALS	2	1
Shop more	1	1
Resonance world	25	2
Arx	14	0
Maxcart	2	0
MX Audio	3	1
Power Cart	3	1
Aalika Zone	2	0
Shop On	2	0
SIVA DURGA	3	0
Online Super Market	2	0
VVC SALES PUNE	6	1
Markbiz industries	2	0
JIGAZO INDUSTRIES	4	3
Puna Store	3	0
A1Price A1Products	23	8
Music Square	6	0
Versatile Traders	5	1
Shahn Enterprises	3	1
CellPhonez®	2	0
SINGH TRADER,S	2	2
urbanoutfit	1	0
Hifuture India	2	0
deals&More	2	0
E-Valley	4	2
Premium Gadgets Global	1	0
EasyShoppe	9	0
Computronics Multivision Pvt Ltd	3	0
Shopper's Gallery Zone	2	0
Shopper's Gallery Zone(100% CUSTOMER SATISFACTION)	0	1
Cloudtail	2	0
easy Stores	1	0
TOTAL MOBILE AND GAMING®	1	0
igridstore	1	0
Kundan mobile electronics	1	0
MaxxWell	3	0
Daily Shoppers	7	1
Guwahati Delight	16	0
Ubon Planet	6	5
Arbsales	1	0
Inder Mobile	1	0
Sqenta	1	0
it Peripherals	5	0
DKonline	2	1
Zuli	6	0
Envie & Digitek	8	1
danapur store	3	0
Three Jokers	1	0
Flash Distribution	4	3
Pro Audio Seller	8	0
E-TRADERS RETAIL	1	0
M/S ASHU COMPUTER AND MOBILE	2	0
Taurus Infocom goa	1	0
Electronic Corner	3	0
Teleecare Network	7	3
Ajeet Impex	2	1
Geeta Trading	1	0
OriginShop	6	1
NS Enterprise	1	0
FADDISH	10	2
Splendid Associates	5	1
on web	6	0
VNSM	23	3
AUDIO SYSTEMS	3	0
NTC-BLR	4	4
IndiaCart	5	2
S & S Company	7	0
Price4u	1	0
Incursion technology	2	1
ABKAN TRADERS	1	1
GRONEXT	1	1
Saitrad	1	0
Sit N Shop	2	0
Clean Air Shoppie	1	0
LoopAudio	10	5
CloudKing	4	3
Edinms Technologies	1	0
Pie World	2	1
StarkeConnect	10	7
The mobile world 1	1	0
M/S PRABH ENTERPRISES	2	1
ALL IT GADGETS	2	0
BestBuy Shoppe	1	0
Quarter Mile	3	0
24*7DEALS	5	0
LEELA LAHER TECH POINT	2	0
T M TECHNOLOGY	1	0
RRSellZ	2	1
Annova India Electronic Pvt Ltd	6	5
Echom	4	0
VA ENTERPRISE	1	0
SuperNV	13	0
SkyflyNow	7	0
Pinnacle Technologies	1	0
ASK JAN ENT	2	0
MK ULTRA	1	1
Shri Banke Bihari Enterprises	2	0
JIN Kushal Exports	3	1
Best Electronics Gadgets	3	2
Haridwar online Products Pvt Ltd	7	0
SpeedEbazaar	5	1
Durga music	2	0
Kumar Club IT	1	0
Jai Maa laxmi mobile and csc center	1	0
Hitesh katyal	3	3
M/S NEW FASHION TRADERS	2	0
GrandZone	2	0
AARAV EMART	5	0
NATUFAB	1	1
RAVINO TRAVEL SERVICES LLP	1	0
ABCD Seller	1	0
Mangalam Computer Care	1	0
LOGISYZ TECH ™	2	0
kismat bhai marketing	1	1
NUMAX	2	0
SAURABH ENT	1	0
FK INFOSYSTEMS	2	1
Vikash enterprises	2	0
Global Statclean Systems	2	2
FPX	3	0
Maruthi Traders	1	1
Kochar Computers	5	0
CaymanSquare	3	0
Intelli Infotech	3	0
Qor9 Official Store	2	1
Jellyfish Services	2	2
ABC TECHNOLOGIES	1	0
TODAY'S DEAL	2	0
Klef	4	2
JUST KOMPUTING	1	0
I-PLUS SOLUTIONS	3	2
Grey Stone	9	1
ORGANIC STORE ZONE	2	1
JD Ventures	1	0
Brand Authorized Sales	3	0
Ur Trust	2	0
PADMAVATHI MARKETING	2	0
winning stroke	2	0
RAGHUNATHJI ENTERPRISE	1	0
NFM'S	1	0
AT&T Shop	4	3
M K TECHNOLOGIES®	4	1
SAI ELECTRONIC	3	1
Brand-In-Cheap	1	0
DNI HOMETHEATRE	1	0
Global Klamp	5	2
AV Distribution	1	1
Cyber Shop2020	1	0
Phixmancomlucknow	1	0
ZEALDEAL	2	2
Moon Retail Pvt Ltd	2	1
Arun Home Gadgets	1	0
kmnic industries	3	1
MULO	3	0
VMT Retail	7	4
CD Plaza	6	0
ELECROCELL	1	0
Sound One Official	3	0
Cyber Byte	1	1
Maisha	1	0
Zee Collection	1	0
GAJ IT SOLUTIONS	3	0
TORETO	6	3
Jahnavi Ecom	1	0
Shanmukha Priya	2	0
AP RETAILS	7	0
Young Image	1	0
Ropts Privet Limited	2	0
Cool Gadget Zone	2	0
GoTo Style Mart	7	1
Grab_ The Deal	1	1
AGRAWAL INFOTECH	1	0
pocket4trade	1	0
Lenovo Official Store	1	0
apdeal	3	0
NEWTECH inc	1	0
Buy India	3	0
JPB BROTHERS	5	1
DIVYAN ENTERPRISE	2	0
International Institution of Corporate Eagles	1	0
NAVYA PERIPHERAL LKO	1	0
IkElectronics	1	0
Computer Hut	1	0
SHAKSHI COMMUNICATIONS	1	0
F N U	1	1
jannatinfo	2	0
Tarzen	1	1
ARTASTAR	1	0
Winter Offer	1	0
Independence offers_SLP	2	0
STATUS COMP	2	1
Musikshack	1	0
True Sense Enterprises	2	1
Vhatke	4	0
Giriraj Mob	1	0
MOBILE CAFE GHAZIABAD	2	0
Dhiman online shopping	1	0
KACOOL Tech	1	1
Better Home Furniture	3	0
Kedar Store	1	0
TigerOnline	2	0
SYGA	2	0
SAGTRADERS-1 Year Warranty on all products	2	2
GREY HOUSE	1	1
Vilsa Group	1	0
Shop Now	2	1
wildvision	1	0
Rajdeep Enterprises 	5	0
MOBILE GALAXY IT	1	0
Saregama India Limited	1	0
PC MEDIA	2	0
BookMyTech	1	0
Electronaut Retail	1	1
Vikash Electronicss	1	0
Hinglaj Retail	2	0
ODISHASELLERCOM	2	0
wisechase	2	1
Khushi NX	5	1
Mobile Express Pvt Ltd	2	1
Bro enter	4	0
Beats the musical instrument store	2	0
BMS Enterprises	2	2
HRS TRADERS INDIA	1	0
Durga Enterprises297	2	1
MAAYAA FOOTWEAR	1	1
e-Basket	1	0
iMarketplace	1	0
Gungun Accession Hub	1	0
telecom world	1	0
kpc	1	0
HARSH MARKETINGS	1	0
Hundia eStore	1	0
Mark Digital	1	0
Divyanshi Sales	4	0
A TO Z RETAIL	2	2
TechPro Corp	2	0
ONLINE HUT	5	2
DL RETAIL	1	0
BiosuperIN	3	2
Sundaram traders 0867	1	0
ElectroBot	2	1
Digitaly yours	7	0
JEDX	1	0
electronics junction	1	0
Ergode India	3	1
SHETH ENTERPRICE	2	0
SANGEETH MAHAL MUSICALS	4	1
LeeMin3C	5	0
THE COLLECTION BLR	1	0
Vee Ess Sales Pvt Ltd	2	0
TEMEZ TRADE CO	2	0
AD MARKETING	2	0
Good Shoppee	2	0
EsyShop	4	2
SHANTI TECHNOLOGIES	1	0
Ds mobile solutions	2	0
BrijPlastoIndia	1	1
SpyvisionSecuritySolutions	1	0
Rajkamal Tele Services	3	3
TMG ASSOCIATES	1	0
sachin enterprise01	2	0
Enterpriseskesar	3	0
JR INFINITY WEB	1	0
PINIX	2	0
RAYS BROTHERS	4	0
Diginet India	3	2
Hari Om Mobile	5	4
XTREME SOUND	2	0
RAJARSHI	1	0
mishu store	1	0
SP MOBIL SHOP	1	0
SKEMIE INDIA	1	0
Bk Enterprise	1	1
Sketchfab® Official	4	2
amaazon store	1	0
Nandini associates	2	0
DHARMENDRA ENTERPRISE	1	0
MUKHTSLA STORE	1	0
The Herbal Life	1	0
Online Electro Mart	2	0
THE GADGET HUB	2	0
Shiv Solution	1	0
Syska Retails	1	0
Seekart Retail	1	0
Snapzone India	2	0
Techno Raga	1	0
Jagzee Enterprises	1	0
R2Services_BLR	3	0
Qiourtyer	1	1
OLD MONK	1	0
Sree nidhi mobiles and computers	1	0
Go Lifestyle Retail	3	3
Bliss SDS	7	0
S-GRID The Tech Hub	3	2
ELECTRONIKA	1	0
MCUBE Deals	1	0
radhemarketing	1	0
KadakMerch	3	0
Shree Chamunda Mobile World	1	0
Home & Beauty Store	2	1
e-Connect	1	0
Spacely Digital LLP	4	2
TigeRetaiL_SLP	1	0
KC Camera Shop	1	0
Electronics Barrel	4	1
BODY-FIT	2	0
Aashi Online Store	1	0
D&DEXPORT	1	1
ballu mobile & computer accessories	1	0
NOVAZA TRADERS	1	0
Hoteon Trading PvtLtd	1	1
Shasha Deals	3	0
Fantom Store	3	0
GoWireless	2	1
KAIRAVA E-SHOP	1	0
PLAYMAX	2	0
Game X	3	0
Twisha®	1	1
Amkette Official	1	0
Deals on 1971	1	0
Torque Traders	2	2
DOOR STEP ONLINE	1	0
The Grooming Store	1	0
ELECTRO KART	3	0
NN Kart	3	0
MUSICAL SHOPE	1	0
Patawari Enterprises	1	0
Jaidev Mal & Sons	4	0
NikZone	1	0
MOBILEBIZ	2	1
Pankaj Electricals	1	0
Pandey Mobile & Accessories	1	0
EmpireS	1	0
Kanan Traders	1	1
VRM Infotech	1	1
Digital India Mart	2	0
HAPPY DEALS4U	1	1
KHAN TRADERS & INTERNATIONAL	1	1
Abgrow	1	1
NXTGEN ACCESSORIES	1	0
EZONES	2	1
Golden_Computers	2	0
Shoppozon	2	0
Shoppozon(Trost Authorized Seller)	0	1
DIGITAL CAPUTURE	1	1
ERHETUS®	1	0
Azim Infotech	1	0
IT ODD PRODUCT	1	0
Vijaya technologies	1	0
MADHUSHUDHAN ASSOCIATES	1	0
Bharathi Health Mix	1	0
Maya electronics showroom	2	0
LUCKY DIGITAL CAFE	3	0
SHONA INTERNATIONAL	3	0
GADGETS SOLUTIONS	1	0
Audio Video Integration	1	0
Sonotone	1	0
Sampark Multi Brand Mobile Store	1	0
Gadget World's	1	0
iPlus Sales	2	1
Gsm DUMANHILL ®	2	0
FOREVER BAZZAR	2	1
laxmi gifts	1	0
Eshopeee	1	0
rkm enterprises	1	0
Aditya Info™	2	2
Pro-Kart	1	0
HiEndHiFi	1	1
ImagineDesign	2	1
Tekki-Take	6	3
Sandhu Associates	1	1
SHUBHUPPHAR	1	0
hindu guru goyal	1	1
Siddhant mall	1	0
akash mobil	1	0
PBC Seeds	2	0
RedLemonOfficial	5	4
Mybudget	1	0
LEVEL11	3	0
LiHo Shopping	1	1
Three Dots Lifestyle	1	0
ElectroBuzz	1	1
EquinoxTI	1	0
BassEv & GeekCases Official	1	0
SaiRaj enterprises	1	0
GOOD LIFE ENTERPRISE	1	0
Luxury Multi Items	1	0
TShot	1	0
ShopNGift	1	0
KGNStore	1	1
Buy Genuine Products	1	0
Rk Empire	1	0
Agalya Mobile	1	0
Delhi Accessories Store	1	0
SiyaTraders	1	0
iGenius_LDH	1	0
mk mobile shop	1	0
24x7 eMall ®	2	1
Syvo Official	1	1
MODA DIO PVT LTD	2	0
AH DISTRIBUTORS	2	0
Littles Hope	5	0
pluto	1	0
Kazen	1	0
raju electronicss	2	0
mexa	1	0
ABC ENTERPRISE	2	0
ROBINENTERPRISE	4	0
S G WORLD	1	0
BYSHOPNOW	1	0
star home shop	2	0
Modern Electronics Store	2	2
Onumtz®	1	0
Cloudshopper	1	0
AnmolEnterprises	1	0
VIJAY COMPUTER AND TELECOM COMMUNICATIONS	1	0
BUGSBUNNY	2	0
P-Plus International®	2	1
Jaldhara enterprise	1	0
CLOUDTAILS INC	2	0
Arohi Creation	1	1
SAMANK Bazaar	2	0
Mobile Point Atul	1	0
MAHADEV ENTERPRISES	1	0
Eeasy India	1	0
PrintMe	1	0
BuyMagic	1	0
Techie Deals	1	0
Shree Balaji Technology	1	0
AKASHDEEP COMPUTERS	1	0
NOOVA COMPUTER	1	0
Swami samarth mobile shopee	1	0
Om Ganesh Communication	1	1
Ajay sales shop	3	0
shri dev narayan mobiles	2	0
AP_Store	2	1
DIGI POINT	1	0
3nh	1	0
CLOUDRETAIL	1	1
Life Like	2	1
GADGETHUT	1	0
HIGHKEY	2	1
XCSOURCE Direct	1	1
DealoKart	2	0
GURUS STORE	1	0
Growmart	1	0
Audio Lifestyle	1	0
NEXT LEVEL	1	0
I pIck Services	2	0
HK Ginto	2	2
SSP Group	1	0
Pacific Deals	3	1
WeCool Technology	1	0
tolbhav	2	0
GamesTradeDelhi	2	0
VS Trade Link	1	1
mobile house baner	1	0
Niteshhub9	1	0
Pareshhub9	1	1
SELECTION HUB	1	1
Rozia	1	0
OSAKI	2	2
Nst online	2	0
Vui Online	2	0
National-shoppe	1	0
ITKHZANA	1	0
ZeekOpenBox	1	0
VIKAS SALES AND SERVICES	2	0
Sai Photocopy And Stationery	1	0
AtharvEnterprise	1	0
AZHARI COLLECTION™	1	0
BEST BUY HYDERABAD AUTHORISED	1	0
BrandzWagon	3	0
Ramkuwar®	4	1
Bazzar 4 Deals	2	1
M D Seller	2	0
FAST_SHIPMENT	1	0
ShopperMart A2Z	1	0
Authorised Dealer for PA Systems	2	0
GRECO	2	1
ABL SOUND & LIGHTS	2	0
The mike supply corporation	2	0
J M Trading	1	1
Trans Innovators	1	0
homefashion11	1	0
Cherry scarlet	1	0
Srhythm India	1	1
Kingecom	2	1
VISHAL INFOTECH PUNE	1	0
Futureworld	1	0
Rajesh's Traders	1	1
DEAL CART	1	0
add2kart	1	1
Digitech technologies	1	0
#agarwalelectronics	1	0
sound around and interiors	1	0
Ecom Hub	1	0
APNIDUKAN	1	0
RK DISTRIBUTION CHENELS	1	0
TRUESTOPSHOP	1	0
cross accessories	1	1
pk mobile world	1	0
MachSmart®	1	1
ValueShop	1	0
Antaraa Enterprises	1	0
Pegasus Incorporation	1	0
Mastermind eshopping	1	0
MAGIC GIFTS ONLINE	1	1
Screencart	1	0
ONLINE ROCK	1	0
shamir store	1	0
HINDAERO TRADERS	1	0
AMN	1	0
FASHION INDIA1	1	0
Rudra_Trader	1	0
M-GRAB	1	0
BLUETRONIX	1	0
Gadgets IN	1	0
LG SERVICES	1	1
EAGLE ELECTRONICS LKO	1	0
VenusCreations	1	0
Synchronous	1	0
Wholesale electronics Distribution	1	0
PCshop in	1	0
SUBTON®	1	1
X-Men Square	1	0
AlphaX Products	1	0
BPC India	1	1
BestDealsIndia	1	1
Bansal Enterprisesn	1	1
Shree Khodiyar Telecom	1	0
Dev Mobile	1	0
Bajpai Mobile And Communication	1	0
SURYA MOBILES	1	0
Golchha Computers	1	0
EXCLUSIVE ONLINE GALLERY	3	0
WESTOFBESTENTERPRISES	2	0
EXCLUSIVE ONLINE GALLERY( BY - RME )	0	2
EvyTech	1	0
Sansar Online	1	0
VV Imagnatives	1	0
webonline	1	0
Shyam Tech	2	0
SiddharthaComputers International	1	0
Mahaveer Mobile Shoppe	1	0
SOLUTIONSWORLD	1	0
Artek Web	2	1
Geeta system	1	0
Wings4you	1	1
Myric	1	0
KREATIVE INDIA	1	0
Online Boss	1	0
KMC Tech	1	1
TROIKA SERVICES	1	0
Raj Rajeshwari Enterprises	1	0
NT GROUP	1	0
EXPERT COMPUTER SOLUTIONS	1	0
SHRI MOBILE COLLECTION	1	0
Gmart PLUS	1	1
Gaming Best	1	0
Shree prahlad enterprises	3	0
cloudind	1	0
A Happy Life Retail Private Ltd	1	1
Retailnet inc	1	1
Gigo bytes	1	0
MAA VAKAL MOBILE POINT VIRAR	1	0
SellnShip	1	1
Imaginory collection	1	0
INNOXX	1	1
Wánjù Store	1	0
Gauzy Sales Private Limited	1	0
Tifygg	1	0
UNIVERSO SUPPLY CHAIN	1	1
Cables & Etc	1	1
Redonez Accessories	1	0
Osshoppers	1	0
harsh agency	1	0
BROTHERS RAJPOOT ACCESSORIES	1	0
PRAMOD SAH	1	0
ReTrack	2	1
EazyShopPoint	2	1
JPenterprises	1	0
OASIS ELECTROMART PRIVATE LIMITED	1	1
Success cards	1	0
The Techcurious	1	0
STARMALL	1	0
SAMTROON	1	1
Deals Sea	1	0
5 star retail	1	0
EDUVILLE_RETAIL	1	0
Smartonline	1	1
Hi - Fi	1	1
